Tipo,Category,Question,File,Page,Extract
factual,Procedimiento,¿Cómo pueden las personas ciudadanas afiliarse al IMSS-Bienestar?,02012025-MAT.md,6,mediante la implementación de Unidades Médicas Móviles y Brigadas de Salud que permitan superar estas barreras y garantizar la atención sanitaria a todos los habitantes.
procedimiento,Requisitos,¿Qué documentos deben presentar los colindantes afectados por el deslinde de Fracción 8?,02012025-MAT.md,3,"comparezcan ante el suscrito para exponer lo que a su derecho convenga, así como para presentar la documentación que fundamente su dicho en copia certificada o en copia simple, acompañada del documento original para su cotejo, en términos de la fracción II del artículo 15-A de la Ley Federal de Procedimiento Administrativo."
comparativa,Instituciones,"¿Qué Secretarías publican convocatorias de concursos de adquisiciones, arrendamientos, obras y servicios del sector público?",02012025-MAT.md,1,Secretaría de Infraestructura
factual,Fechas,¿Cuál es la fecha límite para solicitar garantía de audiencia?,02012025-MAT.md,100,teniendo como fecha límite para solicitarla hasta el catorce de febrero de dos mil veintiséis.
procedimiento,Requisitos,¿Qué deben suscribir las personas auxiliares de las organizaciones?,02012025-MAT.md,100,deberán suscribir el Formato Único de Registro de Auxiliar que se presenta como **Anexo Siete** del presente Acuerdo.
factual,Fechas,¿En qué fecha se aprobó el Anteproyecto de Acuerdo por la CPPP?,02012025-MAT.md,104,la CPPP
factual,Fechas,"¿En qué mes del año posterior a la elección presidencial, las organizaciones interesadas informan su propósito al INE?",02012025-MAT.md,62,"La organización de ciudadanos que pretenda constituirse en partido político para obtener su registro ante el Instituto deberá, tratándose de partidos políticos nacionales, … informar tal propósito a la autoridad que corresponda en el mes de enero del año siguiente al de la elección de Presidente de los Estados Unidos Mexicanos, en el caso de registro nacional…"
procedimiento,Requisitos,¿Qué deben hacer las Secretarías de Hacienda y la Unidad Ejecutora respecto a la cuenta bancaria para recibir los recursos del Programa S200?,02012025-MAT.md,9,"Para tal efecto, LA ENTIDAD, a través de su Secretaría de Hacienda, procederá a abrir, en forma previa a su radicación, una cuenta bancaria productiva, única y específica para este Convenio, en la institución de crédito bancaria que determine, con la finalidad de que dichos recursos y sus rendimientos financieros estén debidamente identificados."
factual,Fechas,¿Cuál es la fecha límite para que las organizaciones soliciten la garantía de audiencia?,02012025-MAT.md,100,"las organizaciones podrán ejercer su garantía de audiencia, [...] teniendo como fecha límite para solicitarla hasta el catorce de febrero de dos mil veintiséis."
procedimiento,Requisitos,¿Qué formato deben suscribir las personas auxiliares para recabar afiliaciones para las organizaciones?,02012025-MAT.md,100,deberán suscribir el Formato Único de Registro de Auxiliar que se presenta como **Anexo Siete** del presente Acuerdo.
factual,Normatividad,¿Qué Anexos de la RMF para 2025 fueron publicados el 30 de diciembre de 2024?,03012025-MAT.md,1,"Anexos 3, 7, 14, 22 y 29 de la Resolución Miscelánea Fiscal para 2025, publicada el 30 de diciembre de 2024."
procedimiento,Normatividad,¿Qué deben hacer los contribuyentes una vez que se le haya incorporado el sello digital al CFDI?,03012025-MAT.md,7,"una vez que al CFDI se le haya incorporado el sello digital a que se refiere el párrafo anterior, los contribuyentes deberán entregar o poner a disposición de sus clientes el archivo electrónico del CFDI y, cuando les sea solicitada por los clientes, su representación impresa"
factual,Definición,¿Qué se considera saldo a favor según el DOF?,03012025-MAT.md,1,las señaladas como saldo a favor en las declaraciones presentadas por los contribuyentes.
factual,Normatividad,¿Qué artículo del CFF establece el concepto de calificación de hechos u omisiones?,03012025-MAT.md,1,El artículo 69-C
factual,Instituciones,"¿Cómo se llama la Asociación de Colonos ubicada en Arco Iris, Nicolás Romero?",03012025-MAT.md,1,Asociación de Colonos de Arco Iris Nicolas Romero A.C.
factual,Definición,¿Qué tipo de asociaciones se listan en este documento?,03012025-MAT.md,1,Asociación de Colonos de Arco Iris Nicolas Romero A.C.
factual,Instituciones,¿Cuál es el RFC de Patronato y Voluntariado del Hospital Pediátrico de Sinaloa A.C.?,03012025-MAT.md,300,PVH180417F30
inferencial,Definición,"Si una organización tiene 'I.A.P.' en su nombre, ¿qué tipo de institución es?",03012025-MAT.md,301,Por Tu Salud y Nutrición I.A.P.
factual,Instituciones,¿Cuál es el nombre de la asociación con el RFC AAC150310GH5?,03012025-MAT.md,400,AAC150310GH5 | Acapso Agrupación Cívica de Adolescentes y Personas<br>Socialmente Opacadas A.C.
factual,Category,¿Qué tipo de actividad realiza la asociación con el RFC ACS610310B97?,03012025-MAT.md,400,Acción Cultural y Social de Monterrey A.C.
factual,Horarios,¿Cuál es el horario de importación y exportación de la aduana de Aguascalientes?,06012025-MAT.md,4,Importación y Exportación. De lunes a viernes de 9:00 a 21:00<br>horas.
factual,Criterios Normativos,¿Qué artículo de la Ley establece la base gravable del IGI?,06012025-MAT.md,11,El artículo 64 de la Ley establece que la base gravable del IGI es el valor en aduana de las mercancías
factual,Definición,¿Qué partida de la TIGIE clasifica la cerveza de malta?,06012025-MAT.md,119,2203.00.01 Cerveza de malta.
procedimiento,Normatividad,¿Qué debe hacer un transportista para ir de Ojinaga a Belice?,06012025-MAT.md,112,"Para efectuar el recorrido de Ojinaga a Belice, el transportista deberá utilizar las carreteras federales 18, 45D, 49D, 49, 40D, 40, 57D, M40D, 150D, 145D, 180D, 180 y 186."
factual,Normatividad,¿Cuál artículo constitucional fundamenta las expropiaciones?,06012025-MAT.md,293,El artículo 27 de la Constitución Política de los Estados Unidos Mexicanos establece que Las expropiaciones sólo podrán hacerse por causa de utilidad pública y mediante indemnización
procedimiento,Normatividad,¿Ante qué oficialía de partes se debe presentar el escrito libre para el acceso al sistema?,06012025-MAT.md,208,"las empresas deberán otorgar a la autoridad, mediante escrito libre presentado ante la oficialía de partes de la AGACE, el usuario y contraseña para que la autoridad pueda ingresar al sistema"
factual,Fechas,¿Cuáles son las fechas de inicio y fin del primer periodo de sesiones del Consejo de Carrera en 2025?,06012025-MAT.md,334,El primer periodo iniciará el 15 de enero y terminará el 11 de julio
procedimiento,Salud,"Según el convenio con Chiapas, ¿qué debe hacer el Estado para acceder a los recursos federales?",06012025-MAT.md,338,"Cubrir de manera puntual la Aportación Solidaria Estatal, como condición para el acceso del  GOBIERNO DEL ESTADO  a los recursos federales"
factual,Procedimiento,¿En qué piso del edificio A de la ASF se celebrarán las audiencias iniciales?,06012025-MAT.md,409,"ubicadas en el sexto piso del edificio ""A"" situado en Carretera Picacho Ajusco número 167"
factual,Fechas,¿Qué día de marzo de 2025 se celebrará la audiencia de Felipe Loaeza Ponce?,06012025-MAT.md,409,DIEZ (10) DE MARZO DE DOS MIL VEINTICINCO (2025)
factual,Horarios Aduanas,¿Cuál es el horario de importación de la aduana de Aguascalientes?,06012025-MAT.md,4,Importación y Exportación. De lunes a viernes de 9:00 a 21:00<br>horas.
factual,Avisos RFC,¿Qué aviso deben presentar los recintos fiscalizados concesionados?,06012025-MAT.md,17,los recintos fiscalizados concesionados deberán presentar el aviso de apertura o cierre correspondiente
factual,Normatividad,"¿Qué sustancias requieren autorización para su tránsito, según el fragmento?",06012025-MAT.md,113,"Plaguicidas, fertilizantes y sustancias tóxicas"
procedimiento,Procedimiento,¿Cómo deben recorrer los transportistas desde Colombia?,06012025-MAT.md,111,"Los transportistas provenientes de la aduana de Colombia, deberán utilizar la carretera fronteriza número 2 hasta entroncar con la carretera federal 97 de Reynosa"
factual,Normatividad,¿Cuál es el recorrido en kilómetros del Proyecto Tren Maya?,06012025-MAT.md,293,Tendrá un recorrido de mil 525 kilómetros
factual,Normatividad,¿Cuál es la exactitud requerida para instrumentos de medición eléctrica?,06012025-MAT.md,237,"Los instrumentos utilizados para la medición de la entrada de energía o potencia eléctrica para calentadores u otros aparatos que suministren cargas de calor deben tener una exactitud de ± 1.0 % de la cifra medida. Los instrumentos utilizados para la medición de la entrada de energía o potencia eléctrica a los motores del ventilador, del compresor u otro equipo accesorio deben tener una exactitud de ± 2.0 % del valor indicado."
factual,Procedimiento,¿Cómo se debe notificar a los titulares de bienes expropiados si se ignora su domicilio?,06012025-MAT.md,301,"En caso de ignorarse quiénes son los titulares o bien se desconozca su domicilio o localización, efectúese una segunda publicación en el Diario Oficial de la Federación, conforme a lo establecido en el artículo 2o. fracción II de la Ley de Expropiación."
factual,Fechas,¿Hasta qué fecha estará vigente el Convenio Marco de Coordinación para Chiapas y Palenque?,06012025-MAT.md,308,El presente Convenio Marco de Coordinación estará vigente a partir del día de su firma y hasta el 31 de diciembre de 2024.
factual,Fechas,¿En qué fecha deberá comparecer Felipe Loaeza Ponce a la audiencia inicial?,06012025-MAT.md,409,DIEZ (10) DE MARZO DE DOS MIL VEINTICINCO (2025)
procedimiento,Notificaciones,¿Qué ocurre con las notificaciones si los presuntos responsables no señalan domicilio en la Ciudad de México?,06012025-MAT.md,409,se llevarán a cabo a través de rotulón que se fijará en los estrados de la Auditoría Superior de la Federación.
,,Voy a importar un caballo. Está vivo o muerto (comida?). Si está vivo lo vas a usar para fines recreativos? pie de cría agricultura? disecarlo?,,,

,,Una guitarra acústica tiene su fracción arancelaria. Las electrónicas tienen otra. Las acústicas pagan aranceles. Las guitarras electroacústicas entran en un área gris que no está codificada en la ley.,,,